{"FNi+uRRLr5q2x+hlm5LwIg==":"logo-96x37.png","rOLH/HJ8inhCeGQn9eIAog==":"logo-1-96x37.png","H+KTlTl/DNTE1A0Yzjgu7Q==":"education2-540x360.jpg","Cesjxe6cW0NYFSAP4kiRig==":"features1.jpg","HUfpc9SvDwBk7sbVG2SgiA==":"features3.jpg","703jGkvtoXpxbZTG7S89UA==":"features2.jpg","Vb7GgbMoe0curpGYBParsg==":"background3.jpg","3t4EQY28YDVZZv4gljiySQ==":"education2-1-540x360.jpg","aFMm6IM1omdys3rDWXUSwQ==":"consulting-lupfumo-500x375.jpg","lE2VhxoUGLeezUHyIAgvtQ==":"fund-738x415.jpg","TWdch+b4NhpAa2DhtjzKVw==":"features3.jpeg","4kxhdXcZTTckHmraHiJD/w==":"ict-738x332.png","gNxEImhs842flq7YKCgumg==":"education.webp","jfLF3NVqZfPGKGnOJYuiWA==":"computer-consultancy-2-738x492.jpg","8hn+rYKwRfB8+Ej12PutyA==":"fund-738x415.jpeg","Er7UrFDKvlDpi4Mpqhu6CQ==":"fund-1-738x415.jpeg","lRYgUQXt+59SGftnflDVxQ==":"resto-2000x1339.jpg","ZnYSG1W6S9hGmVQuFgFzWw==":"breakfast-550x440.jpg","SH6Me6Q81fg3nEkqrsJD1w==":"lunch-696x464.jpg","N99/Pj2K5mvFbJzfexZfeg==":"resto-696x466.jpg","31FfpihaY5g3i1s8f69w5Q==":"dinner-500x454.jpg","vJsArIakqswYNkVaZGgkRA==":"sakura-1631x1088.jpg","O7dUsAcqP1Y97fhdE8jFtg==":"sakura-2000x1334.jpg","8nJt7M8fY+9J1XSFjVbEeQ==":"softdrink-696x463.jpg","xTUWaZQACEogSXdwpU6cpg==":"coffee-696x464.jpg","vYL9mgcUDl7b1XNrxPnEtw==":"alcohol.webp","4+uFdhUzdjFdQlbcmxZ14A==":"antoine-400x400.png","oRykAiO0rUD++7AmPeEwUg==":"background1.jpg"}